{
  "marketing_stripe": {
    "text": "10% DE DESCONTO NA SUA PRIMEIRA COMPRA!",
    "link": "/promotion"
  },
  "contacts_stripe": {
    "pages": [
      {
        "title": "Sobre nós",
        "link": "/pages/sobre-nos"
      },
      {
        "title": "Esta loja é um PWA",
        "link": "/posts/esta-loja-e-um-pwa"
      },
      {
        "title": "10% DE DESCONTO NA SUA PRIMEIRA COMPRA!"
      }
    ],
    "phone_wpp": true,
    "socials": true
  },
  "categories_list": {
    "featured": [],
    "random": 6,
    "full_width": false
  },
  "search_input": true
}